exp_id,lr,backbone,batch_size,best_val_mae
exp_01,0.001,resnet18,16,0.8749456
exp_02,0.001,custom,16,1.0638701
exp_03,0.001,resnet18,16,0.8530335
exp_04,0.001,custom,16,1.0613369
exp_05,0.001,resnet18,16,0.8908754
